"sequence_index","block_id","filename","bytes","width","height","sha256"
"0","129","Pic_2023_11_09_173600_blockId#129.jpeg","2040003","2048","2048","e73e9b4f3be6065b8eeaead4696e769b4a91c490b9a2c3ac0e2c1b6a288002d0"
"1","131","Pic_2023_11_09_173601_blockId#131.jpeg","2041843","2048","2048","3f57de97606b51493974e5d09717140489e26422bcc276659bbb3e408b3623ce"
"2","133","Pic_2023_11_09_173603_blockId#133.jpeg","2039188","2048","2048","9e890a478101cb89c730d00a6b8571b4276a17663e17fb9d12ae1a57c968a0b6"
"3","135","Pic_2023_11_09_173605_blockId#135.jpeg","2040011","2048","2048","c5f6786e8058dbca9f60eaa51a97a2f630bcb0b3f08cde83b30723008c817ce9"
"4","137","Pic_2023_11_09_173606_blockId#137.jpeg","2040727","2048","2048","d461a6813bdf6d43910d2204316c5f536f993ad04540cabbb54f4703b277a78a"
"5","139","Pic_2023_11_09_173608_blockId#139.jpeg","2039753","2048","2048","505ca38148cf8663e39c955e8f63cb641fe782877c1513803e279fb76c96a9f7"
"6","141","Pic_2023_11_09_173609_blockId#141.jpeg","2041000","2048","2048","53adeb8a86e80808582b825e5a6cd3b13fb18cf20e9f0ddfac0c6822ea9f50a9"
"7","143","Pic_2023_11_09_173611_blockId#143.jpeg","2042312","2048","2048","8a0b202588f8b151357e32adce99b4dcca569d767b2e7e2d5ba2ec7ca9163acd"
"8","145","Pic_2023_11_09_173613_blockId#145.jpeg","2043074","2048","2048","d50c2826519dff90de5915785a5864626304e227f686b92e13717110ca378879"
"9","147","Pic_2023_11_09_173614_blockId#147.jpeg","2042358","2048","2048","243b4525fb3a354331adc16cb56a4e616add36e2366340f63f822cfd6cd3bbd7"
"10","149","Pic_2023_11_09_173616_blockId#149.jpeg","2042317","2048","2048","6ce358db0307b7341790e70b1f3636d963efc729fa14d8f7bfda291402c8319d"
"11","151","Pic_2023_11_09_173617_blockId#151.jpeg","2042987","2048","2048","2d2ed070b9bf4b626ed960ae0f4dcdd7cbe7515b5073c402ca70fec2917d2b11"
"12","153","Pic_2023_11_09_173619_blockId#153.jpeg","2044095","2048","2048","57c0015de9b50c7fe01a1bfc034c1d3fcfa60c1b512d052cb66190edd45b8ecb"
"13","155","Pic_2023_11_09_173621_blockId#155.jpeg","2044320","2048","2048","92d2063e7bbc6c59015b2b444cb4061135a12c134402c1866e28887e51065e0b"
"14","157","Pic_2023_11_09_173622_blockId#157.jpeg","2044191","2048","2048","22c78a8eeceb1507c9871681282d235fe92dea560d42eb7afaf1d41bfbbbd0c9"
"15","159","Pic_2023_11_09_173624_blockId#159.jpeg","2043713","2048","2048","257c485e711eae798b403f0c97b871956f6eec731c3dcc54003a11fd51c15bea"
"16","161","Pic_2023_11_09_173625_blockId#161.jpeg","2044767","2048","2048","a335d4008f47a3eeb22ed7d620582044ef742d51f47d3041ec0c238385e339f7"
"17","163","Pic_2023_11_09_173627_blockId#163.jpeg","2044496","2048","2048","66683a900cde8e455f5de784342765b63ad79c774ffb58b18745553c7cd51bb5"
"18","165","Pic_2023_11_09_173629_blockId#165.jpeg","2046855","2048","2048","c1a704fe21fc9065d26a21f71fdac1a32624964af4094d606f5296a8d86b5243"
"19","167","Pic_2023_11_09_173630_blockId#167.jpeg","2045926","2048","2048","f09a683a8d826f4f1fe1e1a75fc8252fdba5c5b3dd607dcfe0b2f3d4943c1085"
"20","169","Pic_2023_11_09_173632_blockId#169.jpeg","2046941","2048","2048","42f64c80bdf884fa2e82c6720382c8145863df6bd1bbb11904817cc8373ff49c"
"21","171","Pic_2023_11_09_173633_blockId#171.jpeg","2045695","2048","2048","2cada5014909546ae7e50b510f59abfaeeda67678a755b76bae3393b7cd2cb27"
"22","173","Pic_2023_11_09_173635_blockId#173.jpeg","2046687","2048","2048","065afc9b0d520ce8ed8c4db69fc9bf533282edc50ecc3a69135815d103f2bd74"
"23","175","Pic_2023_11_09_173637_blockId#175.jpeg","2048099","2048","2048","b3e4ed2e638ee3c292f9a4a44928d04c30fccb31c284d25fc849f5015bf01746"
"24","177","Pic_2023_11_09_173638_blockId#177.jpeg","2049743","2048","2048","081e469237401fb52496697be35a1987808cf6c41e46c087eab1b625fc07d668"
"25","179","Pic_2023_11_09_173640_blockId#179.jpeg","2049213","2048","2048","af1861ec2dead7e743fa2074a3232fc14204bd42706ccac8137a3a4dfa52e173"
"26","181","Pic_2023_11_09_173641_blockId#181.jpeg","2049654","2048","2048","f0f21cabba945de439ceb48edbec030e2e963509fc86efb991c41b6456f62c9f"
"27","183","Pic_2023_11_09_173643_blockId#183.jpeg","2049448","2048","2048","0ce5aa3178e01db5f181b0b0b9416c23545104c4dd0a4878d32858a84adc81c5"
"28","185","Pic_2023_11_09_173645_blockId#185.jpeg","2049408","2048","2048","bbabbf5538ebfb5af522733f4f9a25b89aa37b5496e3bada8ad7adc2475c8541"
"29","187","Pic_2023_11_09_173646_blockId#187.jpeg","2050792","2048","2048","1ddaa1e1f0dddc7bd044889c0c5515ec65a53c2ade628805153284e9b0d381c2"
"30","189","Pic_2023_11_09_173648_blockId#189.jpeg","2052640","2048","2048","a34aa15d3a02cbe4645e0b1493fb584f2ff9fd549f3106d569ba60eb955fef77"
"31","191","Pic_2023_11_09_173649_blockId#191.jpeg","2052234","2048","2048","47e65d666b3c67261aa5ec57532fce063a93f5da17f0c52e8c50046165cd79bd"
"32","193","Pic_2023_11_09_173651_blockId#193.jpeg","2052298","2048","2048","749f7f3547ba87e085b7ce5c525fb483de31706e8fddc0eb5f1d223da9f0b9db"
"33","195","Pic_2023_11_09_173653_blockId#195.jpeg","2056022","2048","2048","c761e486a704771d1e881b55df4f4a0de001dc4b7d63e542359068ad486a762f"
"34","197","Pic_2023_11_09_173654_blockId#197.jpeg","2056708","2048","2048","c34b4aff45dabb6a7c9adcad1983fa59f6696afeb48cd8d0b3297430fef4c853"
"35","199","Pic_2023_11_09_173656_blockId#199.jpeg","2054817","2048","2048","8cc3c83b9fa70c027622eafd7ec3cb7ac322a6fa420f5799f3790b71a4be5b04"
"36","201","Pic_2023_11_09_173657_blockId#201.jpeg","2054638","2048","2048","baaed89c282a84af74b368ddfe50c4da86b44a9369951af5e0cb757c650080f5"
"37","203","Pic_2023_11_09_173659_blockId#203.jpeg","2056152","2048","2048","eae1953f708491a708ca53ecb899adf52275a2bc3cd3271bb31eb4a050dc0ded"
"38","205","Pic_2023_11_09_173701_blockId#205.jpeg","2057045","2048","2048","a094dd6f73fa4b8b36aa68bfdad60b5b9df6733e3cbc078e74ebe28df97bccba"
"39","207","Pic_2023_11_09_173702_blockId#207.jpeg","2056752","2048","2048","bc48532d60165c1bf4d7437b0fd92b994ba03836907b2c8ae3d84fa56a155033"
"40","209","Pic_2023_11_09_173704_blockId#209.jpeg","2057670","2048","2048","b8fdc28fe06e57503d6c66fc0c7949fce9f0a897b12899516422822189a48a44"
"41","211","Pic_2023_11_09_173705_blockId#211.jpeg","2057077","2048","2048","36380c9338be62b4b1acce5b45bbd193b00211b1fd9e8eb7a3279a098ded4a85"
"42","213","Pic_2023_11_09_173707_blockId#213.jpeg","2057710","2048","2048","5fc95101756812df68be48c2c83361bf0b9632198a67e80bfb90e72c8cdc9652"
"43","215","Pic_2023_11_09_173709_blockId#215.jpeg","2058715","2048","2048","25142c46a1d5710fa1bf394d6501b9fcd51002229f11af89ae4482c78f2c94d2"
"44","217","Pic_2023_11_09_173710_blockId#217.jpeg","2055864","2048","2048","cbfd335d827e457ae07f62e70229c4c98a00c5f19810b20ace06cf25132b2347"
"45","219","Pic_2023_11_09_173712_blockId#219.jpeg","2058679","2048","2048","513c91d325d5cff1a68a001a800f5ff714bbc721166b1dbf4dd73c1c333ca8ad"
"46","221","Pic_2023_11_09_173713_blockId#221.jpeg","2057098","2048","2048","985b9fc1a5c2d63e3c4c3ff426b6a150724aee793885c24f8b1b5a9c49716eba"
"47","223","Pic_2023_11_09_173715_blockId#223.jpeg","2060299","2048","2048","fe95ca253178c030fff297a66ee4556ca683bf9f15a2870019c85f8798400feb"
"48","225","Pic_2023_11_09_173717_blockId#225.jpeg","2061968","2048","2048","1bd58a8ea9039e561c59152e3614ce08a14f6ef1e94a6033841632c807c5558e"
"49","227","Pic_2023_11_09_173718_blockId#227.jpeg","2059030","2048","2048","4db8ea74ed5bef2eb9011a29bdbdd1e439a9359634db1882bbaf66f428f8bf63"
"50","229","Pic_2023_11_09_173720_blockId#229.jpeg","2060935","2048","2048","563f9fd714d71b7f8e52e6f65ef269a1dc35b023a3618807331ab035570d392c"
"51","231","Pic_2023_11_09_173721_blockId#231.jpeg","2063165","2048","2048","913eab1048df20254a7a693508cb13ea45f89ef7138b4c341dba122b31abe89e"
"52","233","Pic_2023_11_09_173723_blockId#233.jpeg","2060844","2048","2048","af57a3ef110a0069eaff2aa8dad71188aa730d98bca43e591c520ef5018bf2a2"
"53","235","Pic_2023_11_09_173725_blockId#235.jpeg","2062317","2048","2048","79f59cdf8f4580e5a50fa3a57e8589c89607e02ac6e1a2650cb20f903cd34c33"
"54","237","Pic_2023_11_09_173726_blockId#237.jpeg","2063171","2048","2048","451341c196726b29b55bcd8cdfba25b85285406eb8df9ff06f83cdf840708831"
"55","239","Pic_2023_11_09_173728_blockId#239.jpeg","2061956","2048","2048","3ee88fa0257f5cf715004db1bc6ae5acecbfc41bde1799828c085b21aec57a32"
"56","241","Pic_2023_11_09_173729_blockId#241.jpeg","2061959","2048","2048","85a5396d71175bd09daa6965cc92e1dca42deb2722d984693a574d13b8cff40d"
"57","243","Pic_2023_11_09_173731_blockId#243.jpeg","2062483","2048","2048","a7007cb4e41fb18d6e75605fc5ba991883e6b1e63d0d21350607bde9b60e7c66"
"58","245","Pic_2023_11_09_173733_blockId#245.jpeg","2063945","2048","2048","bc93b19e49c9867d47ff77b9755e13a72fc276265901fbb9d2dfc24fb2011691"
"59","247","Pic_2023_11_09_173734_blockId#247.jpeg","2062380","2048","2048","af9ea67385749babe369c6716bb6f25ac7f05e2d6861d41613167c1790b543c2"
"60","249","Pic_2023_11_09_173736_blockId#249.jpeg","2065985","2048","2048","a22424ac5593408545952da4d979da759aed7dcb73c43a20df32e614d4149c38"
"61","251","Pic_2023_11_09_173737_blockId#251.jpeg","2066764","2048","2048","0a8da74b94495003e69fefc34d97efab34cb4831073dd01e1f3e6c05c4973bda"
"62","253","Pic_2023_11_09_173739_blockId#253.jpeg","2067593","2048","2048","bd6e4f54ca2da8f2361a724565806f4fb62c65aa528f7cf2e70e6816969034da"
"63","255","Pic_2023_11_09_173741_blockId#255.jpeg","2067438","2048","2048","0378630aca2ed3ae09165f3e886aaaf61f1c0cf2ec895e197d23fff9cbe18ce9"
"64","257","Pic_2023_11_09_173742_blockId#257.jpeg","2067533","2048","2048","5914e1a428c47bf46256219a46099e2681f2a75d8ef7f948543dbf4b27523878"
"65","259","Pic_2023_11_09_173744_blockId#259.jpeg","2069337","2048","2048","d452817a15ba3de7fde5b4718c0568f12919e08ca5dc9dc845056b5a8bf14ee6"
"66","261","Pic_2023_11_09_173745_blockId#261.jpeg","2066918","2048","2048","fef35ff5945c6e885ef99a744c0e27306fb848bc8bf2707792f6d9f1c3ce1787"
"67","263","Pic_2023_11_09_173747_blockId#263.jpeg","2068289","2048","2048","e1ee903e59512e9a2af5894fb678ab6ff0037355e20c916fc785c2b78741e647"
"68","265","Pic_2023_11_09_173749_blockId#265.jpeg","2068509","2048","2048","3b29948a0551823869afc71ec61ecdd4d2b9a352b2460fcd345dccc3a0e02dc1"
"69","267","Pic_2023_11_09_173750_blockId#267.jpeg","2067854","2048","2048","89ee5e04179759c54058713152efcad665a992bff57b103a083ce24bc091b96c"
"70","269","Pic_2023_11_09_173752_blockId#269.jpeg","2070798","2048","2048","48441925e464f1d6ae2a601ec9cba346e20aa0d460b967b69f3860fbeaf2ab75"
"71","271","Pic_2023_11_09_173753_blockId#271.jpeg","2069699","2048","2048","a1cee24b8f603f82cc9236ecf34cdab9b4011c50bc247af2453d6b7ed3080136"
"72","273","Pic_2023_11_09_173755_blockId#273.jpeg","2070500","2048","2048","f3debf15c97862b7c0cfccef08ea1cda065aab93265e6f7387130b7545fd0049"
"73","275","Pic_2023_11_09_173757_blockId#275.jpeg","2071575","2048","2048","88125359a70d0180090e733b79591dd90c6762d63fba362957a1ffe8457853b7"
"74","277","Pic_2023_11_09_173758_blockId#277.jpeg","2072998","2048","2048","a211ed46d71a241f1e884dfe108f1067f2f6221e60652245d02a7848481961e0"
"75","279","Pic_2023_11_09_173800_blockId#279.jpeg","2073639","2048","2048","6f9f2ec1720b98bbec4c0037f3e8403a71f8cc326c620619d3ba7a30b5c7789d"
"76","281","Pic_2023_11_09_173801_blockId#281.jpeg","2072795","2048","2048","d3755f29deb90a73bba8697a7dd6a0807beda0b62651484e0c14a54b02b764b8"
"77","283","Pic_2023_11_09_173803_blockId#283.jpeg","2069909","2048","2048","28220838a0cad0a6db96c407c6a008e640cc4ea80d8938dea5fc31d893037b5a"
"78","285","Pic_2023_11_09_173805_blockId#285.jpeg","2074273","2048","2048","bd1771fc804f2dabfd35d4ca6c94deab890b39d84ffb543ee531efb384ee0660"
"79","287","Pic_2023_11_09_173806_blockId#287.jpeg","2072038","2048","2048","a917f75ad62b35ae995ac28ae04041f995f18a0c9093e98db906f1152c9eef20"
"80","289","Pic_2023_11_09_173808_blockId#289.jpeg","2073508","2048","2048","c21f836bfbc94e404c73158d4c9d22ccae10e07e10e91d858cfb6c32ec6a99c9"
"81","291","Pic_2023_11_09_173809_blockId#291.jpeg","2072168","2048","2048","3fe9b5b30a716a39c664be220eca0330dc2f346a9b9135c2dfe844ea25adde8d"
"82","293","Pic_2023_11_09_173811_blockId#293.jpeg","2075917","2048","2048","8a2bb0d229564e8c2cd74b92735c8e81390e2d75e2d0ac36038fe1a6204e6fca"
"83","295","Pic_2023_11_09_173813_blockId#295.jpeg","2074716","2048","2048","512eb856e153def0e640ea06bd68cee2f5c2ce013db8375644aa5d97b2a394de"
"84","297","Pic_2023_11_09_173814_blockId#297.jpeg","2075336","2048","2048","4163343ac0826f58746143e8f4e940a0c8bf8ff29c6646911221176b0a82661f"
"85","299","Pic_2023_11_09_173816_blockId#299.jpeg","2074233","2048","2048","ae265d7fe68c622a5ce25b5841d185a639f91fd9f7b11f919d3ba62ace08160f"
"86","301","Pic_2023_11_09_173817_blockId#301.jpeg","2074294","2048","2048","b457daf8a587bd5b31b685685664788ff2787e293ef14d7e2caba0d6d51f1758"
"87","303","Pic_2023_11_09_173819_blockId#303.jpeg","2075527","2048","2048","469d39f817d94e2544c12ff1a246ccb9721fc1f91a09574b11f996e1c09f1415"
"88","305","Pic_2023_11_09_173821_blockId#305.jpeg","2075637","2048","2048","b31181502500a3b8562ae35956f2436c222c66854163d5de9df041fab79c7bca"
"89","307","Pic_2023_11_09_173822_blockId#307.jpeg","2076221","2048","2048","d61dc25184f0cb75831586fc953c3296dd9e838baf099ff9892f23a093fefd6b"
"90","309","Pic_2023_11_09_173824_blockId#309.jpeg","2076187","2048","2048","2a9c906218963a256f4488a1df719e472954e99feabd40a8f589a1da437beb6c"
"91","311","Pic_2023_11_09_173825_blockId#311.jpeg","2075918","2048","2048","803f43ce1aae8bc600e271a80731c748f1133700cc897db17d1189fe84a4414d"
"92","313","Pic_2023_11_09_173827_blockId#313.jpeg","2075890","2048","2048","1657a65a99ac37e9c23fd2c9a04a16b0b656f9eebb95da68cf91779c0d2057c4"
"93","315","Pic_2023_11_09_173829_blockId#315.jpeg","2077382","2048","2048","94cfc4ac42f4291b4e18f8365b88943d16d431858dc39897e6bbb83a004be1ad"
"94","317","Pic_2023_11_09_173830_blockId#317.jpeg","2077050","2048","2048","c84e01f3b6478e4b801487a32392d89bf2e071f72067541b115de500058aa9bb"
"95","319","Pic_2023_11_09_173832_blockId#319.jpeg","2076870","2048","2048","ac38ee7be04b016cae206a5b3d573f9bfc349d9036ee5764839d992e33a67867"
"96","321","Pic_2023_11_09_173833_blockId#321.jpeg","2077156","2048","2048","09da3ee790906471ecdd1287b307c2476627be8c855b5595d320ad3471efe832"
"97","323","Pic_2023_11_09_173835_blockId#323.jpeg","2079600","2048","2048","cc7e52a1d8127f5b4f3107331b8b442b01e501058ceeceb5cc38517aeb65ccc7"
"98","325","Pic_2023_11_09_173837_blockId#325.jpeg","2078210","2048","2048","40a2b5eaab9788898017ad264eaa4d5a21ff85b2ebacdc14fb8f49872f3696bb"
"99","327","Pic_2023_11_09_173838_blockId#327.jpeg","2080073","2048","2048","90fa8232009ccd396bae044877ff46995fc6e941a4133e25a358481555401576"
"100","329","Pic_2023_11_09_173840_blockId#329.jpeg","2081229","2048","2048","f3756e8314cce067a08f143520561c7a8ac5eef05fb9e3edcfdedb1cffd9b531"
"101","331","Pic_2023_11_09_173841_blockId#331.jpeg","2082492","2048","2048","aa6d2f0b7f340fd2e749db0ce6e0c184cd85a7548173ce57ccf03464be9fcff2"
"102","333","Pic_2023_11_09_173843_blockId#333.jpeg","2082906","2048","2048","0f021d06f6d5a28e20cc8f4904bf57ac2f070d063fd51b1cc97e4d94508e9e63"
"103","335","Pic_2023_11_09_173845_blockId#335.jpeg","2082817","2048","2048","c78717ecbe7ff7a79fb8c3c736c4c76cebc5c85e5c07a517ff76140a69ac8d0f"
"104","337","Pic_2023_11_09_173846_blockId#337.jpeg","2081751","2048","2048","52e1c19853c64570feda8a3f731aaff997c0b02afe1ba305aa78c372ac27d19a"
"105","339","Pic_2023_11_09_173848_blockId#339.jpeg","2082698","2048","2048","33bf0717d6ba853a922e6ce969f728ee0ccfced7c502c7ba0523dffeb1076fdc"
"106","341","Pic_2023_11_09_173850_blockId#341.jpeg","2082237","2048","2048","4a2cab3d6b53209154312714501b4eda6e9671e352c91cd19517310c2b5e8dd4"
"107","343","Pic_2023_11_09_173851_blockId#343.jpeg","2082790","2048","2048","3804a6ecaae489898cc97f358a4a116a8504dca2ea7639dcfc512a07ead987ed"
"108","345","Pic_2023_11_09_173853_blockId#345.jpeg","2082636","2048","2048","168f9df1b1d2818a89dfdda7b75d3d7fe60e27ab99407121f73d992e7daa50ea"
"109","347","Pic_2023_11_09_173854_blockId#347.jpeg","2087119","2048","2048","a27b5023c0a24b369f3f454f26687c25369954700ef1018c4b7e248c8458ce1a"
"110","349","Pic_2023_11_09_173856_blockId#349.jpeg","2087522","2048","2048","66feb2bd42dd4d76a50a456efdf9a61a791355c1016f012493196408c3e9be91"
"111","351","Pic_2023_11_09_173857_blockId#351.jpeg","2086460","2048","2048","f77e6bc949de360484cb9d7bf4e7555ddd103141c471e1c6566668ae9f49d8e9"
"112","353","Pic_2023_11_09_173859_blockId#353.jpeg","2089311","2048","2048","2428e9df99cbf07f1ed3a8702cb0d690dde80010b95edf77a00fc04adb9b941a"
"113","355","Pic_2023_11_09_173901_blockId#355.jpeg","2089721","2048","2048","70639dbfbab510c525af7bc75eba96df75be3e6e5732ded18259543c58394048"
"114","357","Pic_2023_11_09_173902_blockId#357.jpeg","2087113","2048","2048","f32ae998449286663efdfa9e83fa9ab8329f2249b71eb3a7cb5b09df9be50615"
"115","359","Pic_2023_11_09_173904_blockId#359.jpeg","2087786","2048","2048","b0d69df4ace5699ff3c7b95a4d20ebfbd78bcac3cdc4ea55839cc81deb338b4c"
"116","361","Pic_2023_11_09_173905_blockId#361.jpeg","2087675","2048","2048","20de946b3f013d0e86c70208bcaa866d87c77a6dfae31cf4843726020b81ab26"
"117","363","Pic_2023_11_09_173907_blockId#363.jpeg","2086640","2048","2048","208ebdfee36533024b74f7b842db09e717c6e8a61919b991762a0168b91091be"
"118","365","Pic_2023_11_09_173909_blockId#365.jpeg","2088093","2048","2048","cfcfb53083153a01d65d6efe44f2e908f632f00e9ad3c3a85f52cdfac39c2773"
"119","367","Pic_2023_11_09_173910_blockId#367.jpeg","2090375","2048","2048","dc0c56e847de30a18f958b24c6ca765a47942d817d654a121771414266b899ee"
"120","369","Pic_2023_11_09_173912_blockId#369.jpeg","2089204","2048","2048","3d85452038b81954323addf2c3c17b0bc425cf23f3c935b8688075184a0f0ec9"
"121","371","Pic_2023_11_09_173913_blockId#371.jpeg","2087083","2048","2048","2eb2a6a534966f6d05681686a832b527a0d73e1e29a627bb0763ed8547861b4d"
"122","373","Pic_2023_11_09_173915_blockId#373.jpeg","2087593","2048","2048","247b27afd98c5e5a462a900a2ab13e6924b4315e2043ee96f94e37c6018c547c"
"123","375","Pic_2023_11_09_173917_blockId#375.jpeg","2090494","2048","2048","44bc749b118d936619f6be442c42cd956b22644ac9f451f0767f9f3313a17ed7"
"124","377","Pic_2023_11_09_173918_blockId#377.jpeg","2090067","2048","2048","34e2e5503e5f33681b911d64c0db09e20540bf5be2f19c21e31fae34bb341f64"
"125","379","Pic_2023_11_09_173920_blockId#379.jpeg","2091034","2048","2048","604907c86db4d76bd1426af57a40ce10fb6ce9bd467da07e845d340d72c4d67a"
"126","381","Pic_2023_11_09_173921_blockId#381.jpeg","2090159","2048","2048","1d2b3df687f6c7a8cf768c464b46d3dc69cda959e1e549a5ca0c407d6ef603a5"
"127","383","Pic_2023_11_09_173923_blockId#383.jpeg","2090032","2048","2048","1c8f3c1ec8cce9f21bc1b55b6f41788ca414c7b1f67739cc3be7f4f1e5b4ab11"
"128","385","Pic_2023_11_09_173925_blockId#385.jpeg","2088195","2048","2048","706906714faa85c90ba05083fc03903975ab970f72dd148129edd8ffbc5a2de5"
"129","387","Pic_2023_11_09_173926_blockId#387.jpeg","2088539","2048","2048","457b99ee6ddfdd6d920d1da46ad7d5afc9aadce7038d5d594f070f0a3a509a35"
"130","389","Pic_2023_11_09_173928_blockId#389.jpeg","2087896","2048","2048","eef4b1dfbf2a42e3304f8fba808378f4b7da2203c0700a59ae6c37fb4eaf3418"
"131","391","Pic_2023_11_09_173929_blockId#391.jpeg","2089402","2048","2048","0f07ee19a00a8fbdd44d0407ee9e0d1db48ad398d4de1522be83fbbccb8a9451"
"132","393","Pic_2023_11_09_173931_blockId#393.jpeg","2088232","2048","2048","458616444b272eb6d9eb185404d38f45c706162980f4446d85b836222bf4219b"
"133","395","Pic_2023_11_09_173933_blockId#395.jpeg","2090962","2048","2048","cd4f8329a691931887ce56c1d4449b6027b12074dd3f3845f8f2497a44953352"
"134","397","Pic_2023_11_09_173934_blockId#397.jpeg","2091837","2048","2048","235309386c239a994939507625bd9935d9bfdd4a9d9f14056fc01e6f1ffb4e56"
"135","399","Pic_2023_11_09_173936_blockId#399.jpeg","2092004","2048","2048","9cd17fcf0e490b13ea573332115f0f683dc616d7dd3e2b6c4ee96571d9f234a4"
"136","401","Pic_2023_11_09_173937_blockId#401.jpeg","2093499","2048","2048","cdd2ab44878428f4f9b6a69b49055bd2e10a84551a387bab8cb952c731aeface"
"137","403","Pic_2023_11_09_173939_blockId#403.jpeg","2091613","2048","2048","7b5a955f58df8942e8a8517991f9e2a23950fc7b366564f041b08fb2ecbcafda"
"138","405","Pic_2023_11_09_173941_blockId#405.jpeg","2092867","2048","2048","e8f5a7ec33141b8fd4b36a2151990d1995540a7c76d91dfc681fd9ad8f17915e"
"139","407","Pic_2023_11_09_173942_blockId#407.jpeg","2092751","2048","2048","9ef1692175248a447fadbe12c15fa8f20308b7783838217eaebc2947b9bd87e7"
"140","409","Pic_2023_11_09_173944_blockId#409.jpeg","2094175","2048","2048","32e14aea29e5aed8d216d7dc7f877867a7790bb1fe690cac3002a0ef7f358885"
"141","411","Pic_2023_11_09_173945_blockId#411.jpeg","2094596","2048","2048","735cf30469950be8142205b7fa2ce97060859a5ceee77e563c4c0a1de90f68ba"
"142","413","Pic_2023_11_09_173947_blockId#413.jpeg","2095704","2048","2048","fa775e59fe1fa295ecb12fff42098c21ecae6c5ee225d3af90f09d2053a5c562"
"143","415","Pic_2023_11_09_173949_blockId#415.jpeg","2096414","2048","2048","5f794f07f29c518e616837c2a9743535466e48e4299e795adc4429d39c06975b"
"144","417","Pic_2023_11_09_173950_blockId#417.jpeg","2094121","2048","2048","3b4b8b34be6799d4e72f17efc0c2c08b3e735ef6bb2e0dc13c779ef4ad9187b0"
"145","419","Pic_2023_11_09_173952_blockId#419.jpeg","2094841","2048","2048","6c01186a7f38dfb9df306488ec448cf341df6370bde7d5c127ae5dd8db30da71"
"146","421","Pic_2023_11_09_173953_blockId#421.jpeg","2095806","2048","2048","f314df3feb24a13f1413692e86b4eb68d3fe38745fed0618696d45ae6f94c76b"
"147","423","Pic_2023_11_09_173955_blockId#423.jpeg","2094119","2048","2048","c5713d3616962dfb582a1efd988728301df004b8a55716572b51554658f3138a"
"148","425","Pic_2023_11_09_173957_blockId#425.jpeg","2094149","2048","2048","9a94565aee6b1727b1b2542b5c06c6c186489d97a4c67f0be10c2cca10bb771f"
"149","427","Pic_2023_11_09_173958_blockId#427.jpeg","2093662","2048","2048","d05645dbc36e5b12f1dc17052c1fe0cca1800988302cf5e6731824ac4bfa7393"
"150","429","Pic_2023_11_09_174000_blockId#429.jpeg","2093969","2048","2048","fe34a0f986d3518ee03653f96497df71cb365deab2abfcd549a91e1c5525f78d"
"151","431","Pic_2023_11_09_174001_blockId#431.jpeg","2094373","2048","2048","ee4287ba603a6eece3eaca811a3b5a0ce11d51ad4ef92b8d2fe3e1bc4de83137"
"152","433","Pic_2023_11_09_174003_blockId#433.jpeg","2096900","2048","2048","2aff5585b3a8f5fcf5fdf91008c25ef314f9074ce1d079b7688e356f24073762"
"153","435","Pic_2023_11_09_174005_blockId#435.jpeg","2096075","2048","2048","d9882cb846f9c0ebec60bd09937b2376c3b82b1a13552f3076cda4b2c6d55ce2"
"154","437","Pic_2023_11_09_174006_blockId#437.jpeg","2095222","2048","2048","7a1d8f593b0de700ebc3f20c4529131d850929314162c6146fe729a5ca17589e"
"155","439","Pic_2023_11_09_174008_blockId#439.jpeg","2094897","2048","2048","aeb6cb97219a46027814a1876d0610c4671af1ed218c112f58722d7c07a0b616"
"156","441","Pic_2023_11_09_174009_blockId#441.jpeg","2095160","2048","2048","3c10639660cf6b0016861434f4b55f9fcf0387e0dbdccebaf775ad892ff3601c"
"157","443","Pic_2023_11_09_174011_blockId#443.jpeg","2095829","2048","2048","06b00041d4a521977c1648c62fd30074bfb1b2a6a7a406e3eafe3e8d6c6ad842"
"158","445","Pic_2023_11_09_174013_blockId#445.jpeg","2095224","2048","2048","47061be7f0a1917a668703a9f9ecc43c08825d0d0645224462cbec18e3620f0c"
"159","447","Pic_2023_11_09_174014_blockId#447.jpeg","2095642","2048","2048","82fc827197a9d851eb9aa0bfc43254043cb3112df959791ad9520db5c20dc0eb"
"160","449","Pic_2023_11_09_174016_blockId#449.jpeg","2092380","2048","2048","c262f01e86ceea721ebe56c13472dd52b9baf8548f04ceec21bb1a6cc419cb5f"
"161","451","Pic_2023_11_09_174017_blockId#451.jpeg","2093904","2048","2048","e45142ce84abea1f4d57bd70a498e4a7214eae380205f460ec8bc020e4744d34"
"162","453","Pic_2023_11_09_174019_blockId#453.jpeg","2096116","2048","2048","c4f27d3f1df35b4b5b0e6fd3b7bb3274ba99a04e27f8615f0303690293b646e5"
"163","455","Pic_2023_11_09_174021_blockId#455.jpeg","2094403","2048","2048","309054acd56e607b346ce39c2a4d9d3e43d447d90cc9a43c5a7919650c333a2e"
"164","457","Pic_2023_11_09_174022_blockId#457.jpeg","2093964","2048","2048","dc135ae828a0c96c09deed3bcf9f9c9edf1271fe3967aa19408f4157b20a87e1"
"165","459","Pic_2023_11_09_174024_blockId#459.jpeg","2095271","2048","2048","36b1dd703e3eb01cf9bfe349769bcaf5f1110d289da276466dc01c42e39fd349"
"166","461","Pic_2023_11_09_174025_blockId#461.jpeg","2094737","2048","2048","10e2dde210ea90aa6ee0dbd536de2b792a59eb3771d84632cb2a70fa484cd463"
"167","463","Pic_2023_11_09_174027_blockId#463.jpeg","2094300","2048","2048","cac0d40d1744ab14d88848972afe1a5eda7b0023d968868a453287f29e470e72"
"168","465","Pic_2023_11_09_174029_blockId#465.jpeg","2095172","2048","2048","3ce2d188aa37d81b288c85c0fc8e9e49f1eb8406349206b01db7da6c919b4612"
"169","467","Pic_2023_11_09_174030_blockId#467.jpeg","2095770","2048","2048","32169d96dd59082535321c3de33cdc40a546c9897997fbab963f07659381a18e"
"170","469","Pic_2023_11_09_174032_blockId#469.jpeg","2097032","2048","2048","38d3a934e55d4d7986a702fdd45b83a55c3c09468766920f9434bd1856df5fc3"
"171","471","Pic_2023_11_09_174033_blockId#471.jpeg","2094784","2048","2048","043c1521f84ff4823700036a8ebfbf72186e4762a314f37382bb88055644d7ca"
"172","473","Pic_2023_11_09_174035_blockId#473.jpeg","2094971","2048","2048","f97cb877bc0f0e4724a357600561639e35fe9675753f19e47e3ec6abba5a93bd"
"173","475","Pic_2023_11_09_174037_blockId#475.jpeg","2094835","2048","2048","f9a67ca775a4f843e59d57a53de7af84288d6d3c7e3364cb6f06383fe9f5c350"
"174","477","Pic_2023_11_09_174038_blockId#477.jpeg","2097503","2048","2048","e48030f1bec4401c52068e4cabd5bc69b1260392486cb35612c33219f5d95c4f"
"175","479","Pic_2023_11_09_174040_blockId#479.jpeg","2096494","2048","2048","5cb718a2f95695047c3ee247498711886be5093d23d78d53dd498007b4a44561"
"176","481","Pic_2023_11_09_174041_blockId#481.jpeg","2095913","2048","2048","30351f76a2a5b827efb2718bcd9bbe44a66b3a007d7b176492181480ed144ae2"
"177","483","Pic_2023_11_09_174043_blockId#483.jpeg","2095970","2048","2048","ac66efe158e1859a60acc96b9f4b3c5041133d3b566328c9eb973ca0960145e9"
"178","485","Pic_2023_11_09_174045_blockId#485.jpeg","2097552","2048","2048","841175b42ffb4625f37326db908bfcf57d34fef88d6f393249991aaa935da1c6"
"179","487","Pic_2023_11_09_174046_blockId#487.jpeg","2096412","2048","2048","870cd6bc61c787d7bd4d30b0f0e968ab1ad246f5da7fd4f18ed24dba05a50946"
"180","489","Pic_2023_11_09_174048_blockId#489.jpeg","2096445","2048","2048","af8d9e8bc85805faf36f2a547fd08d39296ed17167a197965a2ea2349e43180d"
"181","491","Pic_2023_11_09_174049_blockId#491.jpeg","2096049","2048","2048","dfc6218b4c26e4905f45fd5c06a3957280fe02ff0714121d9e2a5c8147b40148"
"182","493","Pic_2023_11_09_174051_blockId#493.jpeg","2093815","2048","2048","eff3860bb3ad10ff701ac08f4789bca68bbd43e7c285d65451602a78b9ce85a6"
"183","495","Pic_2023_11_09_174053_blockId#495.jpeg","2096109","2048","2048","d79c2259fc1314a22ef60db52a76bd46ded444d3be1daf468e8d5d9dada40baa"
"184","497","Pic_2023_11_09_174054_blockId#497.jpeg","2095088","2048","2048","481f828572fca9e5e1688b81cc483fbfb3f6f1641bf491aa647ed48c1d06a9ed"
"185","499","Pic_2023_11_09_174056_blockId#499.jpeg","2094079","2048","2048","c11898338f91946d7f51342baf5de79d9f2c0c3fee12de58e00350ac2b28e0f0"
"186","501","Pic_2023_11_09_174057_blockId#501.jpeg","2092957","2048","2048","0b5b40608805607f919149db30f5f3179ad8a60475e153c17c69f8bd7a467093"
"187","503","Pic_2023_11_09_174059_blockId#503.jpeg","2095101","2048","2048","2ec0cf0d88336e99258df1723394c4e57623f2d0a6ce3b2f26025e05e1a53792"
"188","505","Pic_2023_11_09_174101_blockId#505.jpeg","2095141","2048","2048","7899369bddb39aea6c139986a12cd5b11abde6d2ae0ddc49827adf883650ee82"
"189","507","Pic_2023_11_09_174102_blockId#507.jpeg","2094918","2048","2048","cda618d63e492709f6a0cbccbf229387bb208ef09893ac1495677cf9acef9150"
"190","509","Pic_2023_11_09_174104_blockId#509.jpeg","2097084","2048","2048","64eec97a63b3b5829424f7814f28779a3b6a3e77112c252db92bff452ec6ec76"
"191","511","Pic_2023_11_09_174105_blockId#511.jpeg","2096659","2048","2048","d715017ba0084ed2198946bc351f09c1663404a93be53bfb29866bb55b4e464d"
"192","513","Pic_2023_11_09_174107_blockId#513.jpeg","2095660","2048","2048","3a22a56ac50acdc7e9ad43f9db1ee534e11b7ed37054ffca9f0b94d85e825320"
"193","515","Pic_2023_11_09_174109_blockId#515.jpeg","2094046","2048","2048","916e3b1c9bf8c08d383d9baf04bba641f93fa62557e904f3e4d2a3eff6b894e3"
"194","517","Pic_2023_11_09_174110_blockId#517.jpeg","2094964","2048","2048","27b8aaf55de1d29799402d340f8ecb51b0d2192f496d6cfbfbb2ca53643acd99"
"195","519","Pic_2023_11_09_174112_blockId#519.jpeg","2092183","2048","2048","34ea922e6ae1142c9349eb5b2ace6a0ca932f6fac79f46a425ea16dcd85c29ff"
"196","521","Pic_2023_11_09_174113_blockId#521.jpeg","2093942","2048","2048","353d669022b3fb7e82cd4060e58e8fb2d0abc98fcb2ccb36161cbd09c1cae6ff"
"197","523","Pic_2023_11_09_174115_blockId#523.jpeg","2093375","2048","2048","6d51a4eaf76d05a784e890d5be20aded84325f541f22c56c5ff4dcccaa4a7364"
"198","525","Pic_2023_11_09_174117_blockId#525.jpeg","2092004","2048","2048","2652ceb974b8d4c74b6abaa3e5795c0ea88e63ea1ed3f5e06aa6596c28f14acb"
"199","527","Pic_2023_11_09_174118_blockId#527.jpeg","2095523","2048","2048","07aa1aa7ccb928a12bab91736f4b5641b62de9c0a9474e20fb436c1ac6fa7fe1"
"200","529","Pic_2023_11_09_174120_blockId#529.jpeg","2093871","2048","2048","ee9e76c252d1c9fad79040308fc3042c7d928618084aeeab9d2984cf3cde105d"
"201","531","Pic_2023_11_09_174122_blockId#531.jpeg","2095071","2048","2048","5dcfa7c4572605ce81f9623468755bf35946322d16d3f0539f1d03774d883a64"
"202","533","Pic_2023_11_09_174123_blockId#533.jpeg","2096142","2048","2048","c42c0cf58b43768116cc1d3a75e1f2cdc5e99687c4a6329b7cc1e83165929029"
"203","535","Pic_2023_11_09_174125_blockId#535.jpeg","2094413","2048","2048","e621bce64834d7e461eae35563f7edbfeff7cc685665746c94f7defa78548b8c"
"204","537","Pic_2023_11_09_174126_blockId#537.jpeg","2093202","2048","2048","c0b18b504bccc340e35a27f27dbd2700bd748fc6612b95081e200dcfa7995987"
"205","539","Pic_2023_11_09_174128_blockId#539.jpeg","2092142","2048","2048","05758dbbda278342c48958f4e0035dfcb16574b6322e3b37de7ed4cbdb071141"
"206","541","Pic_2023_11_09_174129_blockId#541.jpeg","2097522","2048","2048","01b98aa04e19ff7b20f074905ff16c427a2ce7b9117ccb4ea9da342e10766359"
"207","543","Pic_2023_11_09_174131_blockId#543.jpeg","2097710","2048","2048","6815205428f21bb3ab127e7fc9b89e2af5ccae44443e03ee363547dcb2c2ea69"
"208","545","Pic_2023_11_09_174133_blockId#545.jpeg","2096635","2048","2048","d4f624003089783d8c4a96a384032d99d9023dd55fc9f18d92b8dd9adf5f7882"
"209","547","Pic_2023_11_09_174134_blockId#547.jpeg","2095924","2048","2048","b57cfcbe44ce068ba3d8129403edbcd8f98785325e21d3560547af7fd178c209"
"210","549","Pic_2023_11_09_174136_blockId#549.jpeg","2095259","2048","2048","391c949591d8afc85c6ceedae2d77b654bdd270b0b7a3c77b4584bd8f351f7e3"
"211","551","Pic_2023_11_09_174138_blockId#551.jpeg","2095234","2048","2048","5418e8d7e86b665793ebe63dc4fba27c86dd7744894598e562f33eacc20572c0"
"212","553","Pic_2023_11_09_174139_blockId#553.jpeg","2096248","2048","2048","062df692fe5de634abd99a1695351e75c4f2c07e4e6b6582e7a33d0a7720deb6"
"213","555","Pic_2023_11_09_174141_blockId#555.jpeg","2093978","2048","2048","d6665156619725efc8c3503e78f47ecc4c9224fd079984e5a5543b3e5403dcc5"
"214","557","Pic_2023_11_09_174142_blockId#557.jpeg","2095820","2048","2048","b3071973f45f34bcdf4d706e299122ed0a854789a6102bd35adb8313f236782e"
"215","559","Pic_2023_11_09_174144_blockId#559.jpeg","2095877","2048","2048","949334640d1c039cab90a6b139ab49c8cc59e3c45a9891b72764375c3c14d83f"
"216","561","Pic_2023_11_09_174145_blockId#561.jpeg","2095328","2048","2048","7a5272939b69c45808a0fafa36a51184dd4c765bc46a0a9ee30d12cccbc705c9"
"217","563","Pic_2023_11_09_174147_blockId#563.jpeg","2096877","2048","2048","218189a07d1378559bdf029acd49f843b3b71071ad18ebeee88b23cf3adb34e1"
"218","565","Pic_2023_11_09_174149_blockId#565.jpeg","2095068","2048","2048","c7e19f86a69f3a7f2b5d3de7f2b9c34022aa462940f7a2cdbacf388af218c856"
"219","567","Pic_2023_11_09_174150_blockId#567.jpeg","2096236","2048","2048","021c1acbc3761b05e7a91d92aa20665c65bd85998b1b3f8d29e8bf7245a08751"
"220","569","Pic_2023_11_09_174152_blockId#569.jpeg","2095386","2048","2048","143fa0d370ff522972cbfd401dd9e524e6eb905d6a9dcd0cb4c36003d2e5251d"
"221","571","Pic_2023_11_09_174154_blockId#571.jpeg","2098007","2048","2048","f5bf0dcd52d5a3ab63c98afb8797f4f61d00abf0ee0807f40b685cfb51bd3cb4"
"222","573","Pic_2023_11_09_174155_blockId#573.jpeg","2095600","2048","2048","a5d16613778252a0c91e47e10d2e227d3e7260689024a85b28b79f3d7552264a"
"223","575","Pic_2023_11_09_174157_blockId#575.jpeg","2094534","2048","2048","98c822238256804c683ef24a8b145494ca47fda2e54eeaf8c0118ba439024a74"
"224","577","Pic_2023_11_09_174158_blockId#577.jpeg","2096692","2048","2048","3ae38a07d0a5299bed6d481fe4acf935fd5317387a12d4b59bf81e433668aa6e"
"225","579","Pic_2023_11_09_174200_blockId#579.jpeg","2095988","2048","2048","b74ec63630d6fc969e9d4944aa8feea33471d4ec93e706fc43e1519a3abc76e4"
